{"_type":"export","__export_format":4,"__export_date":"2023-08-09T19:00:21.273Z","__export_source":"insomnia.desktop.app:v2023.2.2","resources":[{"_id":"req_9b6ffccd94d54702a4c479207bd1289e","parentId":"fld_6e317f73c81e4e6588e087f09a5f215c","modified":1691517856583,"created":1691029588748,"url":"{{api_url}}/api/public/explore/trending?size=10","name":"Trending Hashes","description":"","method":"GET","body":{},"parameters":[],"headers":[],"authentication":{},"metaSortKey":-1691016823207,"isPrivate":false,"settingStoreCookies":true,"settingSendCookies":true,"settingDisableRenderRequestBody":false,"settingEncodeUrl":true,"settingRebuildPath":true,"settingFollowRedirects":"global","_type":"request"},{"_id":"fld_6e317f73c81e4e6588e087f09a5f215c","parentId":"wrk_30d2c1f3792d49519ad493dbd3322216","modified":1691029578640,"created":1691029578640,"name":"Explore","description":"","environment":{},"environmentPropertyOrder":null,"metaSortKey":-1691029578640,"_type":"request_group"},{"_id":"wrk_30d2c1f3792d49519ad493dbd3322216","parentId":null,"modified":1690986331567,"created":1690986331567,"name":"DH","description":"","scope":"collection","_type":"workspace"},{"_id":"req_f7a2a908430642539e45b43b0e60e587","parentId":"fld_6e317f73c81e4e6588e087f09a5f215c","modified":1691030299420,"created":1691030282383,"url":"{{api_url}}/api/public/explore/follow-recommendations","name":"Follow Recommendations","description":"","method":"GET","body":{},"parameters":[],"headers":[],"authentication":{},"metaSortKey":-1691013530074.5,"isPrivate":false,"settingStoreCookies":true,"settingSendCookies":true,"settingDisableRenderRequestBody":false,"settingEncodeUrl":true,"settingRebuildPath":true,"settingFollowRedirects":"global","_type":"request"},{"_id":"req_cea8830bc62947ba98fe936d817fa1d1","parentId":"fld_6e317f73c81e4e6588e087f09a5f215c","modified":1691538720508,"created":1691030316025,"url":"{{api_url}}/api/explore/follow-recommendations","name":"My Follow Recommendations","description":"","method":"GET","body":{},"parameters":[],"headers":[],"authentication":{"type":"bearer","token":"{{anakin_token}}"},"metaSortKey":-1691011883508.25,"isPrivate":false,"settingStoreCookies":true,"settingSendCookies":true,"settingDisableRenderRequestBody":false,"settingEncodeUrl":true,"settingRebuildPath":true,"settingFollowRedirects":"global","_type":"request"},{"_id":"req_23758908d18844ddb74737113e2c30f8","parentId":"fld_e6747092ab0045ccb6928232bf5657a9","modified":1691515774641,"created":1691004062618,"url":"{{api_url}}/api/public/users/anakin/messages","name":"Get User Messages","description":"","method":"GET","body":{},"parameters":[],"headers":[],"authentication":{},"metaSortKey":-1691004049271.8125,"isPrivate":false,"settingStoreCookies":true,"settingSendCookies":true,"settingDisableRenderRequestBody":false,"settingEncodeUrl":true,"settingRebuildPath":true,"settingFollowRedirects":"global","_type":"request"},{"_id":"fld_e6747092ab0045ccb6928232bf5657a9","parentId":"wrk_30d2c1f3792d49519ad493dbd3322216","modified":1691004067774,"created":1691004067774,"name":"User","description":"","environment":{},"environmentPropertyOrder":null,"metaSortKey":-1691004067774,"_type":"request_group"},{"_id":"req_68b8f67458bf443e907a238718a0b869","parentId":"fld_e6747092ab0045ccb6928232bf5657a9","modified":1691006652951,"created":1691006634717,"url":"{{api_url}}/api/public/users/skywalker/messages/replies","name":"Get User Replies","description":"","method":"GET","body":{},"parameters":[],"headers":[],"authentication":{},"metaSortKey":-1691003913430.9062,"isPrivate":false,"settingStoreCookies":true,"settingSendCookies":true,"settingDisableRenderRequestBody":false,"settingEncodeUrl":true,"settingRebuildPath":true,"settingFollowRedirects":"global","_type":"request"},{"_id":"req_6693723282b641d3a732fa53cb99e999","parentId":"fld_e6747092ab0045ccb6928232bf5657a9","modified":1691011070685,"created":1691010277385,"url":"{{api_url}}/api/public/users/anakin2","name":"Get User","description":"","method":"GET","body":{},"parameters":[],"headers":[],"authentication":{},"metaSortKey":-1691003913405.9062,"isPrivate":false,"settingStoreCookies":true,"settingSendCookies":true,"settingDisableRenderRequestBody":false,"settingEncodeUrl":true,"settingRebuildPath":true,"settingFollowRedirects":"global","_type":"request"},{"_id":"req_411a237284914c2090268d1d3e2d2006","parentId":"fld_cab17c1ef98349f0ad92251992ac3668","modified":1691517776135,"created":1691010242209,"url":"{{api_url}}/api/public/users/yoda/followers","name":"Get User Followers","description":"","method":"GET","body":{},"parameters":[],"headers":[],"authentication":{},"metaSortKey":-1691010236942,"isPrivate":false,"settingStoreCookies":true,"settingSendCookies":true,"settingDisableRenderRequestBody":false,"settingEncodeUrl":true,"settingRebuildPath":true,"settingFollowRedirects":"global","_type":"request"},{"_id":"fld_cab17c1ef98349f0ad92251992ac3668","parentId":"fld_e6747092ab0045ccb6928232bf5657a9","modified":1691010235461,"created":1691010228060,"name":"Followers","description":"","environment":{},"environmentPropertyOrder":null,"metaSortKey":-1691003913380.9062,"_type":"request_group"},{"_id":"req_4b246efe068740ae8e65f421312356b6","parentId":"fld_cab17c1ef98349f0ad92251992ac3668","modified":1691517750321,"created":1691010334862,"url":"{{api_url}}/api/public/users/chewie/following","name":"Get User Followings","description":"","method":"GET","body":{},"parameters":[],"headers":[],"authentication":{},"metaSortKey":-1691007143106.9062,"isPrivate":false,"settingStoreCookies":true,"settingSendCookies":true,"settingDisableRenderRequestBody":false,"settingEncodeUrl":true,"settingRebuildPath":true,"settingFollowRedirects":"global","_type":"request"},{"_id":"req_61c75c9facc14ff7bfab497523113a08","parentId":"fld_cab17c1ef98349f0ad92251992ac3668","modified":1691540805025,"created":1691010352292,"url":"{{api_url}}/api/users/yoda/follow","name":"Follow User","description":"","method":"POST","body":{},"parameters":[],"headers":[],"authentication":{"type":"bearer","token":"{{solo_token}}"},"metaSortKey":-1691007143056.9062,"isPrivate":false,"settingStoreCookies":true,"settingSendCookies":true,"settingDisableRenderRequestBody":false,"settingEncodeUrl":true,"settingRebuildPath":true,"settingFollowRedirects":"global","_type":"request"},{"_id":"req_aa4bf1680bad4499a978deccdb9d059c","parentId":"fld_e6747092ab0045ccb6928232bf5657a9","modified":1691030622289,"created":1691030598242,"url":"{{api_url}}/api/me","name":"Get Me","description":"","method":"GET","body":{},"parameters":[],"headers":[],"authentication":{"type":"bearer","prefix":"","token":"eyJ0eXAiOiJKV1QiLCJhbGciOiJIUzI1NiJ9.eyJzdWIiOiJVc2VyIERldGFpbHMiLCJpc3MiOiJzb2NpYWwtYXBpIiwiaWF0IjoxNjkxMDEwMzc0LCJ1c2VybmFtZSI6ImFuYWtpbiJ9.aAuUjRSnXSjCap3JEO9drWcRQTHjC83t-utmMWddhwk"},"metaSortKey":-1691003879451.9297,"isPrivate":false,"settingStoreCookies":true,"settingSendCookies":true,"settingDisableRenderRequestBody":false,"settingEncodeUrl":true,"settingRebuildPath":true,"settingFollowRedirects":"global","_type":"request"},{"_id":"req_97b683a6e9d74d0cbd7bd1c8e723afdb","parentId":"fld_e6747092ab0045ccb6928232bf5657a9","modified":1691026752981,"created":1691026648501,"url":"{{api_url}}/api/me","name":"Update My Details","description":"","method":"PUT","body":{"mimeType":"application/json","text":"{\n\t\"name\": \"Anakin Skywalker\",\n\t\"bio\": \"The sith lord\",\n\t\"photoUrl\": \"http://test.com\"\n}"},"parameters":[],"headers":[{"name":"Content-Type","value":"application/json"}],"authentication":{"type":"bearer","token":"eyJ0eXAiOiJKV1QiLCJhbGciOiJIUzI1NiJ9.eyJzdWIiOiJVc2VyIERldGFpbHMiLCJpc3MiOiJzb2NpYWwtYXBpIiwiaWF0IjoxNjkxMDA2NTEzLCJ1c2VybmFtZSI6InNreXdhbGtlciJ9.gGwMxi4XmLC6kL9cITfZ37_Om0V5ljSdJjrZf5WOoDI"},"metaSortKey":-1691003845497.9531,"isPrivate":false,"settingStoreCookies":true,"settingSendCookies":true,"settingDisableRenderRequestBody":false,"settingEncodeUrl":true,"settingRebuildPath":true,"settingFollowRedirects":"global","_type":"request"},{"_id":"req_681cddb2990a4e2bb52dd7e55f28f2ac","parentId":"fld_3af0c89454d34af68c7a60dec0e9bb83","modified":1691514129252,"created":1691004860459,"url":"{{api_url}}/api/public/messages/fc08fd94-770e-431d-b517-46dbfc1e0483/replies","name":"Get Message Replies","description":"","method":"GET","body":{},"parameters":[],"headers":[],"authentication":{},"metaSortKey":-1691003759817.5,"isPrivate":false,"settingStoreCookies":true,"settingSendCookies":true,"settingDisableRenderRequestBody":false,"settingEncodeUrl":true,"settingRebuildPath":true,"settingFollowRedirects":"global","_type":"request"},{"_id":"fld_3af0c89454d34af68c7a60dec0e9bb83","parentId":"fld_6a69fca7020a4fcea01d4b2a89d198aa","modified":1691004836624,"created":1691004836624,"name":"Replies","description":"","environment":{},"environmentPropertyOrder":null,"metaSortKey":-1691004836624,"_type":"request_group"},{"_id":"fld_6a69fca7020a4fcea01d4b2a89d198aa","parentId":"wrk_30d2c1f3792d49519ad493dbd3322216","modified":1691003771739,"created":1691003771739,"name":"Messages","description":"","environment":{},"environmentPropertyOrder":null,"metaSortKey":-1691003771739,"_type":"request_group"},{"_id":"req_c298299a359a4200923cfbb50e714114","parentId":"fld_3af0c89454d34af68c7a60dec0e9bb83","modified":1691516192615,"created":1691005016511,"url":"{{api_url}}/api/messages","name":"Post Message Reply","description":"","method":"POST","body":{"mimeType":"application/json","text":"{\n\t\"message\": \"¿Y si la democracia a la que servimos ya no existe?\",\n\t\"parentId\": \"fb31e9e1-7067-4e44-b750-464255bf4b4a\"\n}"},"parameters":[],"headers":[{"name":"Content-Type","value":"application/json"}],"authentication":{"type":"bearer","token":"{{obiwan_token}}"},"metaSortKey":-1691003759805,"isPrivate":false,"settingStoreCookies":true,"settingSendCookies":true,"settingDisableRenderRequestBody":false,"settingEncodeUrl":true,"settingRebuildPath":true,"settingFollowRedirects":"global","_type":"request"},{"_id":"req_02b506187e34493490f843165f3ad9d5","parentId":"fld_6a69fca7020a4fcea01d4b2a89d198aa","modified":1691003804783,"created":1690986335228,"url":"{{api_url}}/api/public/messages/feed","name":"Get Messages","description":"","method":"GET","body":{},"parameters":[],"headers":[],"authentication":{},"metaSortKey":-1691003759842.5,"isPrivate":false,"settingStoreCookies":true,"settingSendCookies":true,"settingDisableRenderRequestBody":false,"settingEncodeUrl":true,"settingRebuildPath":true,"settingFollowRedirects":"global","_type":"request"},{"_id":"req_8925b28010664f5cb68db7f493742d3a","parentId":"fld_6a69fca7020a4fcea01d4b2a89d198aa","modified":1691028139006,"created":1691028133623,"url":"{{api_url}}/api/public/messages/hash/aguanteTodo","name":"Get Messages by Hash","description":"","method":"GET","body":{},"parameters":[],"headers":[],"authentication":{},"metaSortKey":-1691003759830,"isPrivate":false,"settingStoreCookies":true,"settingSendCookies":true,"settingDisableRenderRequestBody":false,"settingEncodeUrl":true,"settingRebuildPath":true,"settingFollowRedirects":"global","_type":"request"},{"_id":"req_778bdce25121477797a0e9a3f9855153","parentId":"fld_6a69fca7020a4fcea01d4b2a89d198aa","modified":1691516585576,"created":1690986374799,"url":"{{api_url}}/api/messages","name":"Post Message","description":"","method":"POST","body":{"mimeType":"application/json","text":"{\n\t\"message\": \"¿Quieres saber la diferencia entre un #maestro y un aprendiz? El #maestro ha fallado más veces de las que el principiante lo ha intentado.\"\n}"},"parameters":[],"headers":[{"name":"Content-Type","value":"application/json"}],"authentication":{"type":"bearer","token":"{{yoda_token}}"},"metaSortKey":-1691003759792.5,"isPrivate":false,"settingStoreCookies":true,"settingSendCookies":true,"settingDisableRenderRequestBody":false,"settingEncodeUrl":true,"settingRebuildPath":true,"settingFollowRedirects":"global","_type":"request"},{"_id":"req_dd539ee2bc9a497bbf311b8b9de48d75","parentId":"fld_4d053c814d694f1f8d4013504cee5419","modified":1691030527377,"created":1691003777590,"url":"{{api_url}}/api/public/auth/login","name":"Login","description":"","method":"POST","body":{"mimeType":"application/json","text":"{\n\t\"username\": \"skywalker\",\n\t\"password\": \"Test123\"\n}"},"parameters":[],"headers":[{"name":"Content-Type","value":"application/json"}],"authentication":{},"metaSortKey":-1691003777590,"isPrivate":false,"settingStoreCookies":true,"settingSendCookies":true,"settingDisableRenderRequestBody":false,"settingEncodeUrl":true,"settingRebuildPath":true,"settingFollowRedirects":"global","_type":"request"},{"_id":"fld_4d053c814d694f1f8d4013504cee5419","parentId":"wrk_30d2c1f3792d49519ad493dbd3322216","modified":1691003747946,"created":1691003747946,"name":"Auth","description":"","environment":{},"environmentPropertyOrder":null,"metaSortKey":-1691003747946,"_type":"request_group"},{"_id":"req_f6c5a498f48a4c00a5866e5bb2770757","parentId":"fld_4d053c814d694f1f8d4013504cee5419","modified":1691516427704,"created":1691003625296,"url":"{{api_url}}/api/public/auth/register","name":"Register","description":"","method":"POST","body":{"mimeType":"application/json","text":"{\n\t\"username\": \"yoda\",\n\t\"name\": \"Yoda\",\n\t\"password\": \"Test123\",\n\t\"photoUrl\": \"https://i.pinimg.com/564x/1b/2d/c0/1b2dc0ce77080e4a682fbbfd2eb3b0c1.jpg\"\n}"},"parameters":[],"headers":[{"name":"Content-Type","value":"application/json"}],"authentication":{},"metaSortKey":-1691003777540,"isPrivate":false,"settingStoreCookies":true,"settingSendCookies":true,"settingDisableRenderRequestBody":false,"settingEncodeUrl":true,"settingRebuildPath":true,"settingFollowRedirects":"global","_type":"request"},{"_id":"env_0eadc843214b125c8ee25f6dd05a93744d7f2411","parentId":"wrk_30d2c1f3792d49519ad493dbd3322216","modified":1691516461339,"created":1690986331572,"name":"Base Environment","data":{"api_url":"http://localhost:8080","leia_token":"eyJ0eXAiOiJKV1QiLCJhbGciOiJIUzI1NiJ9.eyJzdWIiOiJVc2VyIERldGFpbHMiLCJpc3MiOiJzb2NpYWwtYXBpIiwiaWF0IjoxNjkxNTEzNTc1LCJ1c2VybmFtZSI6ImxlaWEifQ.9aOfLH7CbYoneT-0HSERfp9Gcl3lGXCE3m_NxKf2RTI","solo_token":"eyJ0eXAiOiJKV1QiLCJhbGciOiJIUzI1NiJ9.eyJzdWIiOiJVc2VyIERldGFpbHMiLCJpc3MiOiJzb2NpYWwtYXBpIiwiaWF0IjoxNjkxNTEzNzMxLCJ1c2VybmFtZSI6InNvbG8ifQ.hKQgfrMv4xbj8LZkrDKqoZiGYNtC6UL_xPoHkoKPCdI","chewie_token":"eyJ0eXAiOiJKV1QiLCJhbGciOiJIUzI1NiJ9.eyJzdWIiOiJVc2VyIERldGFpbHMiLCJpc3MiOiJzb2NpYWwtYXBpIiwiaWF0IjoxNjkxNTEzOTk5LCJ1c2VybmFtZSI6ImNoZXdpZSJ9.kZ-DCK9OfgTZKPjgUDwIyIbCGm3UvyusvVnVlPchV0U","anakin_token":"eyJ0eXAiOiJKV1QiLCJhbGciOiJIUzI1NiJ9.eyJzdWIiOiJVc2VyIERldGFpbHMiLCJpc3MiOiJzb2NpYWwtYXBpIiwiaWF0IjoxNjkxNTE0MzE5LCJ1c2VybmFtZSI6ImFuYWtpbiJ9.Z4mWYcs_BmAys_3MN62Xzi7sBwMoXZqH95U_SQkKBd4","padme_token":"eyJ0eXAiOiJKV1QiLCJhbGciOiJIUzI1NiJ9.eyJzdWIiOiJVc2VyIERldGFpbHMiLCJpc3MiOiJzb2NpYWwtYXBpIiwiaWF0IjoxNjkxNTE1Njg4LCJ1c2VybmFtZSI6InBhZG1lIn0.BM7eQmciMFvBLiD-4T15yI6LXcGlB-pOstv2jTimeLY","obiwan_token":"eyJ0eXAiOiJKV1QiLCJhbGciOiJIUzI1NiJ9.eyJzdWIiOiJVc2VyIERldGFpbHMiLCJpc3MiOiJzb2NpYWwtYXBpIiwiaWF0IjoxNjkxNTE2MTY0LCJ1c2VybmFtZSI6Ik9iaVdhbiJ9.69rRMYfcoNj4BEarf4ZGD0T5Byx9b-zkTCGoeBWuKCg","yoda_token":"eyJ0eXAiOiJKV1QiLCJhbGciOiJIUzI1NiJ9.eyJzdWIiOiJVc2VyIERldGFpbHMiLCJpc3MiOiJzb2NpYWwtYXBpIiwiaWF0IjoxNjkxNTE2NDMwLCJ1c2VybmFtZSI6InlvZGEifQ.pg4lkBK2wlEorNrThDFqkC7l5uHrpZTJAYp4De4629c"},"dataPropertyOrder":{"&":["api_url","leia_token","solo_token","chewie_token","anakin_token","padme_token","obiwan_token","yoda_token"]},"color":null,"isPrivate":false,"metaSortKey":1690986331572,"_type":"environment"},{"_id":"jar_0eadc843214b125c8ee25f6dd05a93744d7f2411","parentId":"wrk_30d2c1f3792d49519ad493dbd3322216","modified":1691001949680,"created":1690986331573,"name":"Default Jar","cookies":[{"key":"JSESSIONID","value":"653929A7CF083B090E6458B884D91B8D","domain":"localhost","path":"/","httpOnly":true,"hostOnly":true,"creation":"2023-08-02T18:45:49.680Z","lastAccessed":"2023-08-02T18:45:49.680Z","id":"5304590299092022"}],"_type":"cookie_jar"},{"_id":"spc_21133582e4c04bff80e2f7429584ebb6","parentId":"wrk_30d2c1f3792d49519ad493dbd3322216","modified":1690986331568,"created":1690986331568,"fileName":"DH","contents":"","contentType":"yaml","_type":"api_spec"}]}